Year_Month,Topic_1,Topic_2,Topic_3,Topic_4,Topic_5,Topic_6,Topic_7,Topic_8,Topic_9,Topic_10,Total_Tweets
2021-08,76,191,84,165,43,181,87,83,97,111,1118
2021-09,276,684,437,633,161,511,216,193,302,318,3731
2021-10,336,1009,568,723,159,543,263,208,309,575,4693
2021-11,547,2582,936,1084,453,707,334,264,519,2857,10283
2021-12,571,988,585,752,180,565,254,180,378,667,5120
2022-01,519,723,484,642,260,595,267,134,324,373,4321
2022-02,492,520,462,541,218,517,217,126,290,491,3874
2022-03,422,706,611,774,152,643,253,203,316,451,4531
2022-04,437,1204,985,1495,228,637,347,513,442,601,6889
2022-05,743,1122,1040,1856,292,1823,559,380,659,656,9130
2022-06,537,1184,734,979,220,853,324,243,451,630,6155
2022-07,2222,3130,985,1274,266,792,341,299,548,768,10625
2022-08,445,1276,573,748,254,517,230,165,304,473,4985
