topic_id,rank,word,weight
1,1,سگ,8523.065560996103
1,2,ولگرد,5292.51725353974
1,3,حیوان,4156.933634310098
1,4,فرو,4122.1168707633415
1,5,غذا,1731.7505347364784
1,6,جمعیت,1396.8437109865683
1,7,خانه,1355.8968260206886
1,8,طبیعت,1160.3342318826847
1,9,حمله,865.1170212871751
1,10,سال,814.5646974328017
2,1,اب,9460.586011205423
2,2,دریاچه,6144.939180895748
2,3,ارومیه,5217.726721026428
2,4,سال,3126.2261335160406
2,5,زمین,3120.486055597655
2,6,منبع,2701.8817165282035
2,7,باران,2383.0711134807566
2,8,طبیعی,2234.080357330356
2,9,سد,2191.5937972553575
2,10,کشاورزی,2058.71980170775
3,1,زیست,5458.6092682629815
3,2,محیط,4381.796963645901
3,3,جنگ,3522.3193346392395
3,4,ایران,3019.7359420097464
3,5,پسماند,2087.668574344479
3,6,مشکل,1718.9179565135023
3,7,سازمان,1696.430544237382
3,8,منبع,1575.6445262210304
3,9,طبیعی,1496.0744292580052
3,10,سال,1447.8228065056983
4,1,خشکسالی,11063.562346975663
4,2,سال,4867.226000669512
4,3,گرد,3779.4786736199576
4,4,غبار,3508.090151174143
4,5,استان,3167.433310561516
4,6,هوا,2329.541710232051
4,7,ایران,2294.6627196587738
4,8,خوزستان,2206.591951117085
4,9,اب,1953.8906838523267
4,10,خاک,1820.9302177478644
5,1,اعتراض,1536.5394346328753
5,2,دوره,1475.413504537622
5,3,روستا,952.083789616339
5,4,قانون,855.3016960006221
5,5,محیطب,847.6983183343206
5,6,شهرداری,779.7675873670734
5,7,گربه,737.7102845193981
5,8,تجمع,698.4109840797603
5,9,فرهنگ,603.5557751480148
5,10,زلزله,586.5547501793899
6,1,قحطی,21117.574364499298
6,2,ایران,1933.2622800730574
6,3,گرسنه,1620.530737624251
6,4,فقر,1207.5212687174148
6,5,غذا,1133.1435061325105
6,6,اهواز,1065.7780748190878
6,7,زنده,952.6935172670898
6,8,گندم,873.9427147801156
6,9,کشتار,772.2938447193739
6,10,بدبخت,717.8056070637026
7,1,نان,1516.6737835495292
7,2,ایرانی,1454.7824382556144
7,3,دروغ,1107.4819883272405
7,4,خانه,796.1791368150732
7,5,پوشش,712.471031553723
7,6,خالی,663.1748482962105
7,7,روغن,657.562148654346
7,8,برق,616.196844201971
7,9,تومان,612.9100036772188
7,10,خانم,606.3414203015768
8,1,میانکاله,1743.6628891529126
8,2,تالاب,1651.954840842008
8,3,شرایط,1234.9058881737824
8,4,رئیس,1007.888766970428
8,5,منطقه,918.7623737808
8,6,صدا,861.7145545332137
8,7,احیا,833.1804298552767
8,8,دولت,762.5657183157222
8,9,مصنوعی,670.4180240903424
8,10,مهاجر,654.6965275014592
9,1,حمایت,3117.7783817893783
9,2,الوده,2218.774991901564
9,3,جان,1769.8723240395777
9,4,تولید,1362.533103546963
9,5,مرگ,1331.7833052745711
9,6,گیاهی,1051.3803754851706
9,7,زباله,911.1841194275256
9,8,ایران,890.9728459336416
9,9,تاریخ,879.475974877822
9,10,کرونا,726.203381579926
10,1,زاینده,9532.571086486647
10,2,اصفهان,6972.929914165907
10,3,اب,6881.674077114685
10,4,خشک,6219.67867442036
10,5,کارون,5656.399398332006
10,6,شهر,3590.8739850600946
10,7,تهران,2391.308837503225
10,8,ملت,1386.4898013198658
10,9,یزد,1062.4574330718797
10,10,پل,1008.5661949430253
